{
  "id": "1675397",
  "name": "youtube",
  "font_family": "iconfont",
  "css_prefix_text": "icon-",
  "description": "",
  "glyphs": [
    {
      "icon_id": "1705947",
      "name": "动漫",
      "font_class": "comic",
      "unicode": "e609",
      "unicode_decimal": 58889
    },
    {
      "icon_id": "1473537",
      "name": "音乐",
      "font_class": "music",
      "unicode": "e680",
      "unicode_decimal": 59008
    },
    {
      "icon_id": "4309505",
      "name": "古代言情",
      "font_class": "acient",
      "unicode": "e605",
      "unicode_decimal": 58885
    },
    {
      "icon_id": "12787799",
      "name": "运动",
      "font_class": "sport",
      "unicode": "e614",
      "unicode_decimal": 58900
    },
    {
      "icon_id": "9305105",
      "name": "账号封停",
      "font_class": "stopuser",
      "unicode": "e631",
      "unicode_decimal": 58929
    },
    {
      "icon_id": "9880170",
      "name": "添加",
      "font_class": "add-fill",
      "unicode": "e6ab",
      "unicode_decimal": 59051
    },
    {
      "icon_id": "4636024",
      "name": "用户信息",
      "font_class": "rootuserinfo",
      "unicode": "e6ac",
      "unicode_decimal": 59052
    },
    {
      "icon_id": "6989496",
      "name": "所有信息",
      "font_class": "userinfo",
      "unicode": "e6e2",
      "unicode_decimal": 59106
    },
    {
      "icon_id": "7730946",
      "name": "管理员信息",
      "font_class": "guanliyuanxinxi",
      "unicode": "e6c4",
      "unicode_decimal": 59076
    },
    {
      "icon_id": "9017649",
      "name": "Icon/20×20/查看",
      "font_class": "look",
      "unicode": "e618",
      "unicode_decimal": 58904
    },
    {
      "icon_id": "9881253",
      "name": "用户信息",
      "font_class": "yonghu",
      "unicode": "e6e9",
      "unicode_decimal": 59113
    },
    {
      "icon_id": "10737435",
      "name": "管理员信息",
      "font_class": "guanliyuanxinxi1",
      "unicode": "e625",
      "unicode_decimal": 58917
    },
    {
      "icon_id": "12640965",
      "name": "删除筛选项",
      "font_class": "deleteinfo",
      "unicode": "e602",
      "unicode_decimal": 58882
    },
    {
      "icon_id": "12728076",
      "name": "添加",
      "font_class": "addrootinfo",
      "unicode": "e604",
      "unicode_decimal": 58884
    },
    {
      "icon_id": "2121746",
      "name": "分类",
      "font_class": "fenlei",
      "unicode": "e611",
      "unicode_decimal": 58897
    },
    {
      "icon_id": "827394",
      "name": "个人中心",
      "font_class": "user_center",
      "unicode": "e645",
      "unicode_decimal": 58949
    },
    {
      "icon_id": "2418260",
      "name": "上传",
      "font_class": "upload",
      "unicode": "e66f",
      "unicode_decimal": 58991
    },
    {
      "icon_id": "4178681",
      "name": "AK-IM分类",
      "font_class": "guide",
      "unicode": "e600",
      "unicode_decimal": 58880
    },
    {
      "icon_id": "5532895",
      "name": "评论",
      "font_class": "comment",
      "unicode": "e62f",
      "unicode_decimal": 58927
    },
    {
      "icon_id": "12978129",
      "name": "更多",
      "font_class": "more",
      "unicode": "e60b",
      "unicode_decimal": 58891
    },
    {
      "icon_id": "4186783",
      "name": "踩",
      "font_class": "step",
      "unicode": "e635",
      "unicode_decimal": 58933
    },
    {
      "icon_id": "720964",
      "name": "箭头",
      "font_class": "left-arrow",
      "unicode": "e606",
      "unicode_decimal": 58886
    },
    {
      "icon_id": "982337",
      "name": "主页",
      "font_class": "home",
      "unicode": "e655",
      "unicode_decimal": 58965
    },
    {
      "icon_id": "996865",
      "name": "赞",
      "font_class": "up",
      "unicode": "e6a3",
      "unicode_decimal": 59043
    },
    {
      "icon_id": "1009220",
      "name": "火",
      "font_class": "fire",
      "unicode": "e6a0",
      "unicode_decimal": 59040
    },
    {
      "icon_id": "1029190",
      "name": "订阅",
      "font_class": "subscribe",
      "unicode": "e607",
      "unicode_decimal": 58887
    },
    {
      "icon_id": "1288599",
      "name": "箭头",
      "font_class": "right-arrow",
      "unicode": "e603",
      "unicode_decimal": 58883
    },
    {
      "icon_id": "1411022",
      "name": "3历史记录",
      "font_class": "history",
      "unicode": "e61b",
      "unicode_decimal": 58907
    },
    {
      "icon_id": "1724246",
      "name": "文件夹",
      "font_class": "directory",
      "unicode": "e60a",
      "unicode_decimal": 58890
    },
    {
      "icon_id": "1770479",
      "name": "视频",
      "font_class": "video",
      "unicode": "e64f",
      "unicode_decimal": 58959
    },
    {
      "icon_id": "2674927",
      "name": "箭头 上",
      "font_class": "up-arrow",
      "unicode": "e62d",
      "unicode_decimal": 58925
    },
    {
      "icon_id": "2674929",
      "name": "箭头 下",
      "font_class": "down-arrow",
      "unicode": "e62e",
      "unicode_decimal": 58926
    },
    {
      "icon_id": "2742658",
      "name": "时钟",
      "font_class": "clock",
      "unicode": "e676",
      "unicode_decimal": 58998
    },
    {
      "icon_id": "5387655",
      "name": "收藏",
      "font_class": "collection",
      "unicode": "eb26",
      "unicode_decimal": 60198
    },
    {
      "icon_id": "6446340",
      "name": "电影",
      "font_class": "movie",
      "unicode": "e642",
      "unicode_decimal": 58946
    },
    {
      "icon_id": "7588112",
      "name": "搜索",
      "font_class": "search",
      "unicode": "e622",
      "unicode_decimal": 58914
    },
    {
      "icon_id": "12587963",
      "name": "铃铛",
      "font_class": "bell",
      "unicode": "e601",
      "unicode_decimal": 58881
    }
  ]
}
